{"cameraMode":{"drawMode":0,"name":"Shaded","section":"Shading Mode"},"sceneLighting":true,"audioPlay":false,"sceneViewState":{"showFog":true,"showMaterialUpdate":false,"showSkybox":true,"showFlares":true,"showImageEffects":true,"showParticleSystems":true},"in2DMode":false,"pivot":{"x":0.00036334991455078125,"y":0.071197509765625,"z":-4.261439323425293},"rotation":{"x":-0.19642531871795655,"y":0.18322411179542542,"z":-0.03743109107017517,"w":-0.9625552892684937},"size":7.1204118728637699,"orthographic":false}